"Name","Version","Publisher"
"7-Zip 26.00 (x64)","26.00","Igor Pavlov"
"Apex One Security Agent","14.0.20958","Trend Micro Inc."
"Apex One Security Agent","14.0.20958","Trend Micro Inc."
"Dell SupportAssist","5.2.0.1519","Dell Inc."
"Dell SupportAssist OS Recovery Plugin for Dell Update","5.5.16.1","Dell Inc."
"Dell SupportAssist OS Recovery Plugin for Dell Update","5.5.16.1","Dell Inc."
"FortiClient VPN","7.4.3.4726","Fortinet Technologies Inc"
"Intel(R) Graphics Software & Drivers","1.0.1013.0","Intel(R) Corporation"
"ManageEngine UEMS - Agent","11.5.2622.10.W","Zoho Corporation Pvt. Ltd."
"Microsoft .NET 10.0 Templates 10.0.400 x64","40.11.17119","Microsoft Corporation"
"Microsoft .NET AppHost Pack - 10.0.11 (x64)","80.44.56884","Microsoft Corporation"
"Microsoft .NET Host - 10.0.11 (x64)","80.44.56884","Microsoft Corporation"
"Microsoft .NET Host - 8.0.29 (x64)","64.116.55299","Microsoft Corporation"
"Microsoft .NET Host FX Resolver - 10.0.11 (x64)","80.44.56884","Microsoft Corporation"
"Microsoft .NET Host FX Resolver - 8.0.29 (x64)","64.116.55299","Microsoft Corporation"
"Microsoft .NET Runtime - 10.0.11 (x64)","80.44.56884","Microsoft Corporation"
"Microsoft .NET Runtime - 8.0.29 (x64)","64.116.55299","Microsoft Corporation"
"Microsoft .NET SDK 10.0.400 (x64)","10.4.26.38015","Microsoft Corporation"
"Microsoft .NET Targeting Pack - 10.0.11 (x64)","80.44.56884","Microsoft Corporation"
"Microsoft .NET Toolset 10.0.400 (x64)","40.11.17119","Microsoft Corporation"
"Microsoft ASP.NET Core Runtime - 10.0.11 (x64)","80.44.56884","Microsoft Corporation"
"Microsoft ASP.NET Core Targeting Pack - 10.0.11 (x64)","80.44.56884","Microsoft Corporation"
"Microsoft Edge","151.0.4129.107","Microsoft Corporation"
"Microsoft Edge WebView2 Runtime","151.0.4129.107","Microsoft Corporation"
"Microsoft Intune Management Extension","1.104.102.0","Microsoft Corporation"
"Microsoft Teams Meeting Add-in for Microsoft Office","1.26.20101","Microsoft"
"Microsoft Visual C++ 2008 Redistributable - x64 9.0.30729.6161","9.0.30729.6161","Microsoft Corporation"
"Microsoft Visual C++ 2008 Redistributable - x86 9.0.30729.6161","9.0.30729.6161","Microsoft Corporation"
"Microsoft Visual C++ 2015-2022 Redistributable (x64) - 14.40.33810","14.40.33810.0","Microsoft Corporation"
"Microsoft Visual C++ 2015-2022 Redistributable (x86) - 14.40.33810","14.40.33810.0","Microsoft Corporation"
"Microsoft Visual C++ 2022 X64 Additional Runtime - 14.40.33810","14.40.33810","Microsoft Corporation"
"Microsoft Visual C++ 2022 X64 Minimum Runtime - 14.40.33810","14.40.33810","Microsoft Corporation"
"Microsoft Visual C++ 2022 X86 Additional Runtime - 14.40.33810","14.40.33810","Microsoft Corporation"
"Microsoft Visual C++ 2022 X86 Minimum Runtime - 14.40.33810","14.40.33810","Microsoft Corporation"
"Microsoft Windows Desktop Runtime - 10.0.11 (x64)","80.44.56884","Microsoft Corporation"
"Microsoft Windows Desktop Runtime - 8.0.29 (x64)","8.0.29.36225","Microsoft Corporation"
"Microsoft Windows Desktop Runtime - 8.0.29 (x64)","64.116.55314","Microsoft Corporation"
"Microsoft Windows Desktop Targeting Pack - 10.0.11 (x64)","80.44.56884","Microsoft Corporation"
"Microsoft.NET.Sdk.Android.Manifest-10.0.100 (x64)","36.1.2","Microsoft Corporation"
"Microsoft.NET.Sdk.iOS.Manifest-10.0.100 (x64)","26.0.11017","Microsoft Corporation"
"Microsoft.NET.Sdk.MacCatalyst.Manifest-10.0.100 (x64)","26.0.11017","Microsoft Corporation"
"Microsoft.NET.Sdk.macOS.Manifest-10.0.100 (x64)","26.0.11017","Microsoft Corporation"
"Microsoft.NET.Sdk.Maui.Manifest-10.0.100 (x64)","10.0.0","Microsoft Corporation"
"Microsoft.NET.Sdk.tvOS.Manifest-10.0.100 (x64)","26.0.11017","Microsoft Corporation"
"Microsoft.NET.Workload.Emscripten.Current.Manifest-10.0.100 (x64)","81.188.56884","Microsoft Corporation"
"Microsoft.NET.Workload.Emscripten.net6.Manifest-10.0.100 (x64)","81.188.56884","Microsoft Corporation"
"Microsoft.NET.Workload.Emscripten.net7.Manifest-10.0.100 (x64)","81.188.56884","Microsoft Corporation"
"Microsoft.NET.Workload.Emscripten.net8.Manifest-10.0.100 (x64)","81.188.56884","Microsoft Corporation"
"Microsoft.NET.Workload.Emscripten.net9.Manifest-10.0.100 (x64)","81.188.56884","Microsoft Corporation"
"Microsoft.NET.Workload.Mono.Toolchain.Current.Manifest-10.0.100 (x64)","81.188.56884","Microsoft Corporation"
"Microsoft.NET.Workload.Mono.Toolchain.net6.Manifest-10.0.100 (x64)","81.188.56884","Microsoft Corporation"
"Microsoft.NET.Workload.Mono.Toolchain.net7.Manifest-10.0.100 (x64)","81.188.56884","Microsoft Corporation"
"Microsoft.NET.Workload.Mono.Toolchain.net8.Manifest-10.0.100 (x64)","81.188.56884","Microsoft Corporation"
"Microsoft.NET.Workload.Mono.Toolchain.net9.Manifest-10.0.100 (x64)","81.188.56884","Microsoft Corporation"
"Notepad++ (64-bit x64)","8.9.1","Notepad++ Team"
"OpenOffice 4.1.16","4.116.9816","Apache Software Foundation"
"TeamViewer","15.81.5","TeamViewer"
"TortoiseSVN 1.14.9.29743 (64 bit)","1.14.29743","TortoiseSVN"
"Windows Autopatch Client Broker","1.2509.201.3","Microsoft Corporation"
